INSERT INTO rubrique (nom_rubrique, photo_rubrique) VALUES
('Cordes', 'cordes.jpg'),
('Claviers', 'claviers.jpg'),
('Percussions', 'percussions.jpg'),
('Cuivres', 'cuivres.jpg'),
('Accessoires', 'accessoires.jpg'),
('Bois', 'bois.jpg'),
('Sonorisation', 'sonorisation.jpg'),
('Éclairage', 'eclairage.jpg'),
('Informatique musicale', 'informatique_musicale.jpg'),
('Partitions & Méthodes', 'partitions.jpg'),
('DJ & MAO', 'dj_mao.jpg'),
('Microphones', 'microphones.jpg'),
('Enregistrement', 'enregistrement.jpg'),
('Entretien & Réparation', 'entretien.jpg'),
('Produits numériques', 'produits_numeriques.jpg');

INSERT INTO sous_rubrique (nom_sous_rubrique, photo_sous_rubrique, id_rubrique) VALUES
('Guitares', 'guitares.jpg', 1),
('Basses', 'basses.jpg', 1),
('Pianos', 'pianos.jpg', 2),
('Synthétiseurs', 'synthes.jpg', 2),
('Batteries', 'batteries.jpg', 3),
('Congas', 'congas.jpg', 3),
('Trompettes', 'trompettes.jpg', 4),
('Saxophones', 'saxophones.jpg', 4),
('Câbles', 'cables.jpg', 5),
('Supports', 'supports.jpg', 5),
('Clarinette', 'clarinette.jpg', 6),
('Flûte traversière', 'flute.jpg', 6),
('Enceintes', 'enceintes.jpg', 7),
('Tables de mixage', 'tables_mixage.jpg', 7),
('Projecteurs', 'projecteurs.jpg', 8),
('Pieds & Supports', 'pieds.jpg', 8),
('Interfaces audio', 'interfaces.jpg', 9),
('Claviers maîtres', 'claviers_maitres.jpg', 9),
('Partitions classiques', 'partitions_classiques.jpg', 10),
('Méthodes débutants', 'methodes_debutants.jpg', 10),
('Contrôleurs DJ', 'controleurs.jpg', 11),
('Logiciels DJ', 'logiciels_dj.jpg', 11),
('Microphones filaires', 'micros_filaires.jpg', 12),
('Microphones sans fil', 'micros_sans_fil.jpg', 12),
('Enregistreurs numériques', 'enregistreurs.jpg', 13),
('Studios portables', 'studios_portables.jpg', 13),
('Produits d’entretien', 'entretien.jpg', 14),
('Outils de réparation', 'outils.jpg', 14),
('Plugins VST', 'plugins.jpg', 15),
('Banques de sons', 'banques_sons.jpg', 15);

INSERT INTO fournisseur (reference_fournisseur, nom_fournisseur, mail_fournisseur, telephone_fournisseur) VALUES
('FOUR001', 'Musique Plus', 'contact@musiqueplus.fr', '0123456789'),
('FOUR002', 'Instruments Pro', 'info@instrumentspro.com', '0987654321'),
('FOUR003', 'Sonorité', 'support@sonorite.fr', '0147258369'),
('FOUR004', 'Harmony', 'service@harmony.com', '0173648291'),
('FOUR005', 'Melody Corp', 'contact@melodycorp.fr', '0165987432'),
('FOUR006', 'Acoustic World', 'info@acousticworld.com', '0156324789'),
('FOUR007', 'Digital Harmony', 'contact@digitalharmony.fr', '0187456321'),
('FOUR008', 'ElectroSound', 'support@electrosound.com', '0145897632'),
('FOUR009', 'BassLine', 'contact@bassline.fr', '0192837465'),
('FOUR010', 'Orchestra Supply', 'info@orchestrasupply.com', '0178965412'),
('FOUR011', 'Percussion Center', 'vente@percussioncenter.fr', '0165478932'),
('FOUR012', 'PianoHouse', 'contact@pianohouse.fr', '0147852369'),
('FOUR013', 'GuitarZone', 'service@guitarzone.com', '0189567324'),
('FOUR014', 'StudioMix', 'contact@studiomix.fr', '0132456789'),
('FOUR015', 'Musicalia', 'info@musicalia.com', '0178456329');

-- Commerciaux
INSERT INTO utilisateur (identifiant, role, nom, prenom, mail, mot_de_passe, service_entreprise) VALUES
('com1', 'Commercial', 'Durand', 'Paul', 'paul.durand@villagegreen.fr', 'mdp123', 'Ventes'),
('com2', 'Commercial', 'Lemoine', 'Sophie', 'sophie.lemoine@villagegreen.fr', 'mdp456', 'Ventes'),
('com3', 'Commercial', 'Dupont', 'Camille', 'camille.dupont@villagegreen.fr', 'mdp789', 'Grands Comptes'),
('com4', 'Commercial', 'Garcia', 'Antoine', 'antoine.garcia@villagegreen.fr', 'mdp321', 'Export');

-- Clients professionnels
INSERT INTO utilisateur (identifiant, role, nom, prenom, mail, mot_de_passe, categorie_client, telephone, coefficient_taxe, reduction, identifiant_commercial) VALUES
('cli_pro1', 'Client', 'Martin', 'Jean', 'jean.martin@clientpro.fr', 'pass123', 'Professionnel', '0612345678', 1.20, 0.05, 'com1'),
('cli_pro2', 'Client', 'Bernard', 'Claire', 'claire.bernard@clientpro.fr', 'pass456', 'Professionnel', '0698765432', 1.15, 0.10, 'com2'),
('cli_pro3', 'Client', 'Leroy', 'Nathalie', 'nathalie.leroy@clientpro.fr', 'pro789', 'Professionnel', '0623456789', 1.10, 0.08, 'com3'),
('cli_pro4', 'Client', 'Faure', 'Olivier', 'olivier.faure@clientpro.fr', 'pro321', 'Professionnel', '0634567891', 1.18, 0.06, 'com4'),
('cli_pro5', 'Client', 'Simon', 'Julie', 'julie.simon@clientpro.fr', 'pro654', 'Professionnel', '0645678912', 1.20, 0.07, 'com2');

-- Clients particuliers
INSERT INTO utilisateur (identifiant, role, nom, prenom, mail, mot_de_passe, categorie_client, telephone, coefficient_taxe, identifiant_commercial) VALUES
('cli_part1', 'Client', 'Petit', 'Lucie', 'lucie.petit@clientpart.fr', 'pass789', 'Particulier', '0678945612', 1.25, 'com1'),
('cli_part2', 'Client', 'Moreau', 'Thomas', 'thomas.moreau@clientpart.fr', 'pass321', 'Particulier', '0654321987', 1.25, 'com2'),
('cli_part3', 'Client', 'Noël', 'Hugo', 'hugo.noel@clientpart.fr', 'part111', 'Particulier', '0667891234', 1.25, 'com3'),
('cli_part4', 'Client', 'Lemoine', 'Chloé', 'chloe.lemoine@clientpart.fr', 'part222', 'Particulier', '0678912345', 1.25, 'com4'),
('cli_part5', 'Client', 'Barre', 'Mathieu', 'mathieu.barre@clientpart.fr', 'part333', 'Particulier', '0689123456', 1.25, 'com1');

INSERT INTO produit (reference_produit, nom_produit, description, prix, prix_achat, photo_produit, quantite_stock, publication, actif, id_sous_rubrique, reference_fournisseur) VALUES
('PROD001', 'Guitare Acoustique', 'Guitare acoustique en bois massif', 150.00, 100.00, 'guitare_acoustique.jpg', 10, TRUE, TRUE, 1, 'FOUR001'),
('PROD002', 'Basse Électrique', 'Basse électrique 4 cordes', 200.00, 140.00, 'basse_electrique.jpg', 5, TRUE, TRUE, 2, 'FOUR002'),
('PROD003', 'Piano Numérique', 'Piano numérique 88 touches', 500.00, 350.00, 'piano_numerique.jpg', 3, TRUE, TRUE, 3, 'FOUR003'),
('PROD004', 'Synthétiseur Analogique', 'Synthétiseur avec sons vintage', 300.00, 220.00, 'synth_analogique.jpg', 7, TRUE, TRUE, 4, 'FOUR004'),
('PROD005', 'Batterie Électronique', 'Kit de batterie électronique complet', 450.00, 320.00, 'batterie_electronique.jpg', 2, TRUE, TRUE, 5, 'FOUR005'),
('PROD006', 'Congas en bois', 'Paire de congas professionnels', 280.00, 180.00, 'congas_bois.jpg', 4, TRUE, TRUE, 6, 'FOUR006'),
('PROD007', 'Trompette Sib', 'Trompette en laiton avec étui', 320.00, 240.00, 'trompette_sib.jpg', 6, TRUE, TRUE, 7, 'FOUR007'),
('PROD008', 'Saxophone Alto', 'Saxophone alto doré', 600.00, 420.00, 'saxophone_alto.jpg', 3, TRUE, TRUE, 8, 'FOUR008'),
('PROD009', 'Câble Jack-Jack 6m', 'Câble audio 6 mètres pour instrument', 15.00, 10.00, 'cable_jack.jpg', 20, TRUE, TRUE, 9, 'FOUR009'),
('PROD010', 'Support Guitare', 'Support pliable pour guitare acoustique/électrique', 25.00, 18.00, 'support_guitare.jpg', 15, TRUE, TRUE, 10, 'FOUR010'),
('PROD011', 'Guitare Électrique', 'Guitare électrique 6 cordes, corps en érable', 180.00, 130.00, 'guitare_electrique.jpg', 5, TRUE, TRUE, 1, 'FOUR001'),
('PROD012', 'Ampli Guitare', 'Ampli de guitare 30W avec effets', 120.00, 85.00, 'ampli_guitare.jpg', 8, TRUE, TRUE, 1, 'FOUR001'),
('PROD013', 'Basse Active', 'Basse active avec préampli', 250.00, 180.00, 'basse_active.jpg', 4, TRUE, TRUE, 2, 'FOUR001'), 
('PROD014', 'Piano à queue', 'Piano à queue acoustique', 1200.00, 900.00, 'piano_queue.jpg', 2, FALSE, TRUE, 3, 'FOUR003'),  
('PROD015', 'Microphone USB', 'Microphone de studio pour enregistrement', 80.00, 60.00, 'microphone_usb.jpg', 10, TRUE, FALSE, 5, 'FOUR005'),  
('PROD016', 'Batterie Acoustique', 'Batterie acoustique avec cymbales', 600.00, 450.00, 'batterie_acoustique.jpg', 5, TRUE, TRUE, 5, 'FOUR005');

INSERT INTO adresse (adresse, ville, code_postal) VALUES
('12 rue de la Musique', 'Paris', '75001'),
('45 avenue des Notes', 'Lyon', '69002'),
('78 boulevard du Son', 'Marseille', '13003'),
('23 impasse des Rythmes', 'Toulouse', '31000'),
('56 allée des Harmonies', 'Nice', '06000'),
('10 rue des Musiciens', 'Paris', '75015'),
('25 boulevard Harmonie', 'Lyon', '69003'),
('3 avenue des Instruments', 'Marseille', '13006'),
('18 rue du Conservatoire', 'Bordeaux', '33000'),
('47 place du Métronome', 'Toulouse', '31000'),
('12 rue de la Clé de Sol', 'Nantes', '44000'),
('7 chemin des Partitions', 'Strasbourg', '67000'),
('30 allée du Jazz', 'Lille', '59000'),
('5 impasse des Cordes', 'Nice', '06000'),
('22 rue du Solfège', 'Rennes', '35000');

INSERT INTO commande (numero_de_commande, date_commande, etat, reference_paiement, type_paiement, statut_paiement, date_paiement, duree_conservation, identifiant) VALUES
('CMD001', '2025-04-20', 'En cours', 'PAY001', 'Carte Bancaire', 'Payé', '2025-04-20', 1095, 'cli_part1'),
('CMD002', '2025-04-21', 'Livrée', 'PAY002', 'Virement', 'En attente', NULL, 1095, 'cli_pro1'),
('CMD003', '2025-04-22', 'Préparée', 'PAY003', 'Chèque', 'En attente', NULL, 1095, 'cli_pro2'),
('CMD004', '2025-04-22', 'En cours', 'PAY004', 'Carte Bancaire', 'Payé', '2025-04-22', 1095, 'cli_part2'),
('CMD005', '2025-04-23', 'En cours', 'PAY005', 'Virement', 'Payé', '2025-04-23', 1095, 'cli_pro3'),
('CMD006', '2025-04-23', 'Livrée', 'PAY006', 'Carte Bancaire', 'Payé', '2025-04-23', 1095, 'cli_part3'),
('CMD007', '2025-04-24', 'En cours', 'PAY007', 'Chèque', 'En attente', NULL, 1095, 'cli_pro4'),
('CMD008', '2025-04-24', 'Annulée', 'PAY008', 'Carte Bancaire', 'Annulé', NULL, 1095, 'cli_part4'),
('CMD009', '2025-04-25', 'Préparée', 'PAY009', 'Carte Bancaire', 'Payé', '2025-04-25', 1095, 'cli_part5'),
('CMD010', '2025-04-25', 'En cours', 'PAY010', 'Virement', 'Payé', '2025-04-25', 1095, 'cli_pro5'),
('CMD011', '2024-05-15', 'En cours', 'PAY003', 'Carte Bancaire', 'Payé', '2024-05-15', 1095, 'cli_part1'),
('CMD012', '2024-06-20', 'Livrée', 'PAY004', 'Virement', 'En attente', NULL, 1095, 'cli_pro2'),
('CMD013', '2024-07-10', 'Annulée', 'PAY005', 'Chèque', 'Non payé', NULL, 1095, 'cli_part2'),
('CMD014', '2024-08-05', 'En cours', 'PAY006', 'Carte Bancaire', 'Payé', '2024-08-05', 1095, 'cli_pro1'),
('CMD015', '2024-09-18', 'Livrée', 'PAY007', 'Virement', 'En attente', NULL, 1095, 'cli_part1');

INSERT INTO bon_de_livraison (numero_bon_livraison, statut) VALUES
('BL001', 'Envoyé'),
('BL002', 'En préparation'),
('BL003', 'Livré'),
('BL004', 'Partiellement livré'),
('BL005', 'Préparé'),
('BL006', 'En attente'),
('BL007', 'Annulé'),
('BL008', 'En préparation'),
('BL009', 'Livré'),
('BL010', 'En cours d\'expédition'),
('BL011', 'En cours d\'expédition'),
('BL012', 'Livré'),
('BL013', 'En préparation'),
('BL014', 'Annulé'),
('BL015', 'En attente');

INSERT INTO donne_lieu_a (reference_produit, numero_de_commande, quantite) VALUES
('PROD001', 'CMD001', 2),
('PROD003', 'CMD002', 1),
('PROD002', 'CMD002', 3),
('PROD011', 'CMD001', 1),
('PROD014', 'CMD001', 1),
('PROD016', 'CMD002', 2),
('PROD015', 'CMD001', 5),
('PROD012', 'CMD002', 1),
('PROD001', 'CMD003', 2),
('PROD003', 'CMD003', 1),
('PROD002', 'CMD003', 3),
('PROD011', 'CMD003', 1),
('PROD014', 'CMD004', 1),
('PROD016', 'CMD004', 2),
('PROD015', 'CMD004', 5),
('PROD012', 'CMD004', 1),
('PROD004', 'CMD005', 1),
('PROD005', 'CMD005', 2),
('PROD006', 'CMD005', 3),
('PROD007', 'CMD006', 4),
('PROD008', 'CMD006', 1),
('PROD009', 'CMD006', 2),
('PROD010', 'CMD007', 3),
('PROD013', 'CMD007', 2),
('PROD011', 'CMD008', 2),
('PROD014', 'CMD008', 1),
('PROD015', 'CMD008', 1),
('PROD001', 'CMD009', 2),
('PROD016', 'CMD009', 3),
('PROD002', 'CMD010', 1),
('PROD003', 'CMD010', 4),
('PROD005', 'CMD010', 2),
('PROD004', 'CMD011', 1),
('PROD006', 'CMD011', 5),
('PROD007', 'CMD012', 3),
('PROD009', 'CMD012', 2),
('PROD010', 'CMD012', 1),
('PROD011', 'CMD013', 4),
('PROD013', 'CMD013', 1),
('PROD014', 'CMD014', 2),
('PROD016', 'CMD014', 2),
('PROD005', 'CMD015', 3),
('PROD006', 'CMD015', 4);

INSERT INTO livre (reference_produit, numero_bon_livraison, quantite_livre) VALUES
('PROD001', 'BL001', 2),
('PROD002', 'BL001', 1),
('PROD001', 'BL002', 3),
('PROD003', 'BL002', 4),
('PROD004', 'BL003', 2),
('PROD005', 'BL003', 1),
('PROD002', 'BL004', 3),
('PROD003', 'BL004', 2),
('PROD005', 'BL005', 1),
('PROD001', 'BL005', 4);

INSERT INTO est_renseignee (numero_de_commande, id_adresse, numero_bon_livraison, numero_facture, date, type_adresse) VALUES
('CMD001', 1, 'BL001', 'FAC001', '2025-04-20', 'Livraison'),
('CMD001', 2, 'BL001', 'FAC001', '2025-04-20', 'Facturation'),
('CMD002', 3, 'BL002', 'FAC002', '2025-04-21', 'Livraison'),
('CMD002', 4, 'BL002', 'FAC002', '2025-04-21', 'Facturation'),
('CMD003', 5, 'BL003', 'FAC003', '2025-04-22', 'Livraison'),
('CMD003', 6, 'BL003', 'FAC003', '2025-04-22', 'Facturation'),
('CMD004', 7, 'BL004', 'FAC004', '2025-04-23', 'Livraison'),
('CMD004', 8, 'BL004', 'FAC004', '2025-04-23', 'Facturation'),
('CMD005', 9, 'BL005', 'FAC005', '2025-04-24', 'Livraison'),
('CMD005', 10, 'BL005', 'FAC005', '2025-04-24', 'Facturation'),
('CMD006', 11, 'BL006', 'FAC006', '2025-04-25', 'Livraison'),
('CMD006', 12, 'BL006', 'FAC006', '2025-04-25', 'Facturation'),
('CMD007', 13, 'BL007', 'FAC007', '2025-04-26', 'Livraison'),
('CMD007', 14, 'BL007', 'FAC007', '2025-04-26', 'Facturation'),
('CMD008', 15, 'BL008', 'FAC008', '2025-04-27', 'Livraison'),
('CMD008', 1, 'BL008', 'FAC008', '2025-04-27', 'Facturation'),
('CMD009', 2, 'BL009', 'FAC009', '2025-04-28', 'Livraison'),
('CMD009', 3, 'BL009', 'FAC009', '2025-04-28', 'Facturation'),
('CMD010', 4, 'BL010', 'FAC010', '2025-04-29', 'Livraison'),
('CMD010', 5, 'BL010', 'FAC010', '2025-04-29', 'Facturation'),
('CMD011', 6, 'BL011', 'FAC011', '2025-04-30', 'Livraison'),
('CMD011', 7, 'BL011', 'FAC011', '2025-04-30', 'Facturation'),
('CMD012', 8, 'BL012', 'FAC012', '2025-05-01', 'Livraison'),
('CMD012', 9, 'BL012', 'FAC012', '2025-05-01', 'Facturation'),
('CMD013', 10, 'BL013', 'FAC013', '2025-05-02', 'Livraison'),
('CMD013', 11, 'BL013', 'FAC013', '2025-05-02', 'Facturation'),
('CMD014', 12, 'BL014', 'FAC014', '2025-05-03', 'Livraison'),
('CMD014', 13, 'BL014', 'FAC014', '2025-05-03', 'Facturation'),
('CMD015', 14, 'BL015', 'FAC015', '2025-05-04', 'Livraison'),
('CMD015', 15, 'BL015', 'FAC015', '2025-05-04', 'Facturation');

